protocol_id,reference_locations,go_literal_locations,interpretation
1001,native_admission.py:139; native_relay.py:32; native_service.py:32; service.py:59,game/session.go:93; game/session.go:873; game/session.go:909; game/session.go:920,"Source index only: may be decoder/output/logging/constant, not a handler. See protocol-audit-20260922.md."
1002,wire.py:125,protocol/names.go:105,"Source index only: may be decoder/output/logging/constant, not a handler. See protocol-audit-20260922.md."
1003,native_relay.py:54; sdp_peer.py:106; sdp_peer.py:131,,"Source index only: may be decoder/output/logging/constant, not a handler. See protocol-audit-20260922.md."
1006,native_relay.py:54; sdp_peer.py:106,,"Source index only: may be decoder/output/logging/constant, not a handler. See protocol-audit-20260922.md."
1008,native_relay.py:58; sdp_peer.py:106; sdp_peer.py:117; sdp_peer.py:39,bridge/bridge_windows.go:627; game/datagram_transport.go:129; game/session.go:870; game/session.go:927,"Source index only: may be decoder/output/logging/constant, not a handler. See protocol-audit-20260922.md."
1010,handlers/session.py:11; handlers/session.py:17; layouts.py:291,protocol/names.go:106,"Source index only: may be decoder/output/logging/constant, not a handler. See protocol-audit-20260922.md."
1012,native_relay.py:50; native_relay.py:52; service.py:78; service.py:83,protocol/wire.go:166,"Source index only: may be decoder/output/logging/constant, not a handler. See protocol-audit-20260922.md."
1013,native_relay.py:50; service.py:78,game/session.go:888,"Source index only: may be decoder/output/logging/constant, not a handler. See protocol-audit-20260922.md."
1014,wire.py:127,,"Source index only: may be decoder/output/logging/constant, not a handler. See protocol-audit-20260922.md."
1030,menu_layouts.py:181,,"Source index only: may be decoder/output/logging/constant, not a handler. See protocol-audit-20260922.md."
1150,engine.py:267; layouts.py:300,persistence/character.go:46; persistence/store.go:242; protocol/names.go:112,"Source index only: may be decoder/output/logging/constant, not a handler. See protocol-audit-20260922.md."
1156,engine.py:211,protocol/names.go:115,"Source index only: may be decoder/output/logging/constant, not a handler. See protocol-audit-20260922.md."
1157,handlers/session.py:64,protocol/names.go:116,"Source index only: may be decoder/output/logging/constant, not a handler. See protocol-audit-20260922.md."
1230,menu_layouts.py:156,game/renewal.go:97; game/reward_balances.go:24; game/session.go:685; game/session.go:716; game/session.go:808; game/stage_settlement.go:172; game/tutorial.go:82; protocol/wire.go:196,"Source index only: may be decoder/output/logging/constant, not a handler. See protocol-audit-20260922.md."
1240,menu_layouts.py:184,game/extended_tasks.go:128; game/reward_balances.go:23; game/session.go:718; game/settlement.go:155; game/stage_settlement.go:171; game/tasks.go:64; game/tutorial.go:81; game/weapon_levels.go:58,"Source index only: may be decoder/output/logging/constant, not a handler. See protocol-audit-20260922.md."
1250,menu_layouts.py:184,,"Source index only: may be decoder/output/logging/constant, not a handler. See protocol-audit-20260922.md."
1300,handlers/lobby.py:98; mailbox.py:104; menu_layouts.py:103,game/mail.go:11; game/session.go:812,"Source index only: may be decoder/output/logging/constant, not a handler. See protocol-audit-20260922.md."
1310,menu_layouts.py:187; menu_layouts.py:188,game/mail.go:19; game/mail.go:102; protocol/mail.go:9,"Source index only: may be decoder/output/logging/constant, not a handler. See protocol-audit-20260922.md."
1320,engine.py:267; handlers/lobby.py:98; mailbox.py:111; menu_layouts.py:52,game/mail.go:31; game/session.go:812,"Source index only: may be decoder/output/logging/constant, not a handler. See protocol-audit-20260922.md."
1340,engine.py:267; handlers/lobby.py:98; menu_layouts.py:52,game/mail.go:67; game/session.go:812,"Source index only: may be decoder/output/logging/constant, not a handler. See protocol-audit-20260922.md."
1350,menu_layouts.py:176,game/mail.go:72; game/mail.go:84,"Source index only: may be decoder/output/logging/constant, not a handler. See protocol-audit-20260922.md."
1400,handlers/lobby.py:101; menu_layouts.py:103; renewal.py:144,game/session.go:814,"Source index only: may be decoder/output/logging/constant, not a handler. See protocol-audit-20260922.md."
1401,engine.py:267; menu_layouts.py:55,,"Source index only: may be decoder/output/logging/constant, not a handler. See protocol-audit-20260922.md."
1402,engine.py:267; menu_layouts.py:59,,"Source index only: may be decoder/output/logging/constant, not a handler. See protocol-audit-20260922.md."
1410,menu_layouts.py:187,game/renewal.go:33,"Source index only: may be decoder/output/logging/constant, not a handler. See protocol-audit-20260922.md."
1420,engine.py:267; handlers/lobby.py:101; menu_layouts.py:65; renewal.py:136,protocol/renewal.go:4,"Source index only: may be decoder/output/logging/constant, not a handler. See protocol-audit-20260922.md."
1440,engine.py:267; handlers/lobby.py:101; menu_layouts.py:62; renewal.py:148,game/session.go:816,"Source index only: may be decoder/output/logging/constant, not a handler. See protocol-audit-20260922.md."
1500,handlers/lobby.py:57; menu_layouts.py:39; renewal.py:137,desktop/admin.go:109; desktop/admin.go:110; game/session.go:619; game/session.go:620; game/session.go:637; game/session.go:646,"Source index only: may be decoder/output/logging/constant, not a handler. See protocol-audit-20260922.md."
1510,menu_layouts.py:146,game/renewal.go:67,"Source index only: may be decoder/output/logging/constant, not a handler. See protocol-audit-20260922.md."
1540,handlers/lobby.py:51; menu_layouts.py:103,game/session.go:619; game/session.go:634,"Source index only: may be decoder/output/logging/constant, not a handler. See protocol-audit-20260922.md."
1550,menu_layouts.py:146,game/title.go:77,"Source index only: may be decoder/output/logging/constant, not a handler. See protocol-audit-20260922.md."
2010,handlers/session.py:11; layouts.py:291,desktop/weapon.go:512; game/lobbies.go:5; game/session.go:51; protocol/names.go:117,"Source index only: may be decoder/output/logging/constant, not a handler. See protocol-audit-20260922.md."
2040,menu_layouts.py:181,,"Source index only: may be decoder/output/logging/constant, not a handler. See protocol-audit-20260922.md."
2060,handlers/session.py:38,game/session.go:203; game/session.go:433; protocol/names.go:119,"Source index only: may be decoder/output/logging/constant, not a handler. See protocol-audit-20260922.md."
2080,engine.py:267; handlers/equipment.py:10; layouts.py:296,persistence/inventory_equipment.go:10; protocol/names.go:120,"Source index only: may be decoder/output/logging/constant, not a handler. See protocol-audit-20260922.md."
2100,menu_layouts.py:181,protocol/names.go:122,"Source index only: may be decoder/output/logging/constant, not a handler. See protocol-audit-20260922.md."
2110,handlers/equipment.py:28,protocol/inventory_queries.go:5,"Source index only: may be decoder/output/logging/constant, not a handler. See protocol-audit-20260922.md."
2120,layouts.py:310; menu_layouts.py:172,game/inventory.go:87; protocol/inventory_queries.go:6,"Source index only: may be decoder/output/logging/constant, not a handler. See protocol-audit-20260922.md."
2121,menu_layouts.py:172,game/inventory.go:83; game/inventory.go:87,"Source index only: may be decoder/output/logging/constant, not a handler. See protocol-audit-20260922.md."
2160,menu_layouts.py:159,game/inventory.go:66; game/title.go:98; game/weapon_levels.go:62; protocol/names.go:123,"Source index only: may be decoder/output/logging/constant, not a handler. See protocol-audit-20260922.md."
2161,menu_layouts.py:164,game/inventory.go:68; game/renewal.go:91; game/title.go:100; game/weapon_levels.go:59; protocol/names.go:124,"Source index only: may be decoder/output/logging/constant, not a handler. See protocol-audit-20260922.md."
2162,menu_layouts.py:169,game/inventory.go:96; game/session.go:751; game/session.go:753,"Source index only: may be decoder/output/logging/constant, not a handler. See protocol-audit-20260922.md."
2171,engine.py:267; handlers/lobby.py:98; mailbox.py:117; menu_layouts.py:52,game/mail.go:24; game/mail.go:45; game/mail.go:67; game/session.go:812,"Source index only: may be decoder/output/logging/constant, not a handler. See protocol-audit-20260922.md."
2250,engine.py:267; handlers/directory.py:11; menu_layouts.py:49,protocol/names.go:125,"Source index only: may be decoder/output/logging/constant, not a handler. See protocol-audit-20260922.md."
2260,engine.py:217; room_requests.py:82; rooms.py:235,protocol/names.go:126,"Source index only: may be decoder/output/logging/constant, not a handler. See protocol-audit-20260922.md."
2270,menu_layouts.py:149,protocol/names.go:127,"Source index only: may be decoder/output/logging/constant, not a handler. See protocol-audit-20260922.md."
2300,handlers/equipment.py:36,desktop/foster_plan.go:51; persistence/inventory_equipment.go:50; protocol/names.go:129,"Source index only: may be decoder/output/logging/constant, not a handler. See protocol-audit-20260922.md."
2420,handlers/directory.py:31; handlers/directory.py:41,game/session.go:531,"Source index only: may be decoder/output/logging/constant, not a handler. See protocol-audit-20260922.md."
2430,handlers/directory.py:31,game/session.go:547,"Source index only: may be decoder/output/logging/constant, not a handler. See protocol-audit-20260922.md."
2540,handlers/lobby.py:31; handlers/lobby.py:38; menu_layouts.py:33,game/session.go:561; game/session.go:562; game/session.go:569,"Source index only: may be decoder/output/logging/constant, not a handler. See protocol-audit-20260922.md."
2550,menu_layouts.py:128,game/session.go:570,"Source index only: may be decoder/output/logging/constant, not a handler. See protocol-audit-20260922.md."
2560,handlers/lobby.py:31; menu_layouts.py:36,game/session.go:561; game/session.go:562,"Source index only: may be decoder/output/logging/constant, not a handler. See protocol-audit-20260922.md."
2570,menu_layouts.py:141,game/session.go:572,"Source index only: may be decoder/output/logging/constant, not a handler. See protocol-audit-20260922.md."
3010,handlers/single_room.py:58; room_requests.py:101; rooms.py:206; rooms.py:235; tutorial.py:39,game/tutorial.go:61; protocol/names.go:131,"Source index only: may be decoder/output/logging/constant, not a handler. See protocol-audit-20260922.md."
3030,menu_layouts.py:181,protocol/names.go:133,"Source index only: may be decoder/output/logging/constant, not a handler. See protocol-audit-20260922.md."
3070,room_requests.py:130; rooms.py:235; tutorial.py:69,game/rooms.go:286; game/rooms.go:463; game/rooms.go:467; protocol/names.go:134; protocol/room_detail.go:10; protocol/room_join.go:3,"Source index only: may be decoder/output/logging/constant, not a handler. See protocol-audit-20260922.md."
3075,handlers/single_room.py:14; room_requests.py:115; rooms.py:235,game/rooms.go:592,"Source index only: may be decoder/output/logging/constant, not a handler. See protocol-audit-20260922.md."
3091,engine.py:232; rooms.py:222; tutorial.py:82,protocol/room_join.go:28,"Source index only: may be decoder/output/logging/constant, not a handler. See protocol-audit-20260922.md."
3110,handlers/single_room.py:71; room_requests.py:227; rooms.py:235,game/rooms.go:641; game/spectators.go:160; protocol/names.go:139,"Source index only: may be decoder/output/logging/constant, not a handler. See protocol-audit-20260922.md."
3140,handlers/single_room.py:26; room_requests.py:181; rooms.py:235,protocol/names.go:142,"Source index only: may be decoder/output/logging/constant, not a handler. See protocol-audit-20260922.md."
3200,handlers/single_room.py:38; room_requests.py:150; rooms.py:235; tutorial.py:82,game/room_packets.go:97; game/rooms.go:699,"Source index only: may be decoder/output/logging/constant, not a handler. See protocol-audit-20260922.md."
3230,handlers/single_room.py:47; room_requests.py:164; rooms.py:235; tutorial.py:82,game/rooms.go:668; game/seat_exchange.go:53,"Source index only: may be decoder/output/logging/constant, not a handler. See protocol-audit-20260922.md."
3260,rooms.py:219; tutorial.py:82,game/rooms.go:666; game/seat_exchange.go:71,"Source index only: may be decoder/output/logging/constant, not a handler. See protocol-audit-20260922.md."
3262,rooms.py:219; tutorial.py:82,game/rooms.go:666,"Source index only: may be decoder/output/logging/constant, not a handler. See protocol-audit-20260922.md."
3263,rooms.py:219; tutorial.py:82,game/rooms.go:666; game/seat_exchange.go:92,"Source index only: may be decoder/output/logging/constant, not a handler. See protocol-audit-20260922.md."
3320,handlers/session.py:55,game/character.go:9; game/character.go:36; game/session.go:401,"Source index only: may be decoder/output/logging/constant, not a handler. See protocol-audit-20260922.md."
3500,handlers/single_room.py:23; room_requests.py:21; rooms.py:210; tutorial.py:82,protocol/room_invitation.go:5,"Source index only: may be decoder/output/logging/constant, not a handler. See protocol-audit-20260922.md."
3501,handlers/single_room.py:23; room_requests.py:46; rooms.py:210; tutorial.py:82,protocol/room_invitation.go:6,"Source index only: may be decoder/output/logging/constant, not a handler. See protocol-audit-20260922.md."
3502,handlers/single_room.py:23; room_requests.py:58; rooms.py:210; tutorial.py:82,protocol/room_invitation.go:7,"Source index only: may be decoder/output/logging/constant, not a handler. See protocol-audit-20260922.md."
3550,handlers/single_room.py:17; rooms.py:224,game/rooms.go:286; game/rooms.go:640; game/spectators.go:160; protocol/names.go:145,"Source index only: may be decoder/output/logging/constant, not a handler. See protocol-audit-20260922.md."
4030,handlers/single_room.py:98; room_flow.py:194; rooms.py:235; tutorial.py:75,protocol/names.go:146,"Source index only: may be decoder/output/logging/constant, not a handler. See protocol-audit-20260922.md."
4031,handlers/single_room.py:93; room_requests.py:218; rooms.py:235,protocol/room_invitation.go:8,"Source index only: may be decoder/output/logging/constant, not a handler. See protocol-audit-20260922.md."
4051,handlers/single_room.py:29; room_requests.py:193; rooms.py:235; tutorial.py:82,protocol/room_owner.go:4,"Source index only: may be decoder/output/logging/constant, not a handler. See protocol-audit-20260922.md."
4060,room_flow.py:194; room_flow.py:200; rooms.py:235; tutorial.py:75; tutorial.py:78,protocol/names.go:148,"Source index only: may be decoder/output/logging/constant, not a handler. See protocol-audit-20260922.md."
4081,menu_layouts.py:181,protocol/names.go:151,"Source index only: may be decoder/output/logging/constant, not a handler. See protocol-audit-20260922.md."
4082,engine.py:228; handlers/single_room.py:84,game/weapon_switch.go:18; protocol/names.go:152,"Source index only: may be decoder/output/logging/constant, not a handler. See protocol-audit-20260922.md."
4110,rooms.py:228,game/protocol_log.go:54; game/rooms.go:623,"Source index only: may be decoder/output/logging/constant, not a handler. See protocol-audit-20260922.md."
4111,rooms.py:226,,"Source index only: may be decoder/output/logging/constant, not a handler. See protocol-audit-20260922.md."
4115,rooms.py:228,game/rooms.go:625; game/spectators.go:159,"Source index only: may be decoder/output/logging/constant, not a handler. See protocol-audit-20260922.md."
4121,menu_layouts.py:159,,"Source index only: may be decoder/output/logging/constant, not a handler. See protocol-audit-20260922.md."
4124,rooms.py:206; tutorial.py:56,game/tutorial.go:39; game/tutorial.go:54; protocol/names.go:154,"Source index only: may be decoder/output/logging/constant, not a handler. See protocol-audit-20260922.md."
4126,handlers/lobby.py:22,game/title.go:39; game/title.go:94; game/title.go:108; persistence/title_rewards.go:47; persistence/title_rewards.go:120; persistence/tutorial_rewards.go:78; protocol/names.go:156; protocol/title.go:43,"Source index only: may be decoder/output/logging/constant, not a handler. See protocol-audit-20260922.md."
4140,rooms.py:215,protocol/names.go:157,"Source index only: may be decoder/output/logging/constant, not a handler. See protocol-audit-20260922.md."
4160,handlers/single_room.py:113; room_flow.py:223; rooms.py:235,game/foster_positions.go:9; game/pve_blocks.go:74; protocol/names.go:159,"Source index only: may be decoder/output/logging/constant, not a handler. See protocol-audit-20260922.md."
4200,engine.py:228; engine.py:230; handlers/consumption.py:19,game/consumption.go:18; game/session.go:473,"Source index only: may be decoder/output/logging/constant, not a handler. See protocol-audit-20260922.md."
4201,rooms.py:216,game/session.go:467; game/session.go:470; persistence/talisman_use.go:13,"Source index only: may be decoder/output/logging/constant, not a handler. See protocol-audit-20260922.md."
4202,handlers/lobby.py:28,game/session.go:506; game/talisman.go:45; game/talisman.go:88,"Source index only: may be decoder/output/logging/constant, not a handler. See protocol-audit-20260922.md."
4204,handlers/lobby.py:28,game/session.go:506; game/talisman.go:38,"Source index only: may be decoder/output/logging/constant, not a handler. See protocol-audit-20260922.md."
5000,handlers/social.py:25,game/session.go:483; game/session.go:1002; game/session.go:1005; game/session.go:1036,"Source index only: may be decoder/output/logging/constant, not a handler. See protocol-audit-20260922.md."
5002,handlers/social.py:9,game/session.go:483; game/session.go:1005,"Source index only: may be decoder/output/logging/constant, not a handler. See protocol-audit-20260922.md."
6000,engine.py:267; handlers/lobby.py:25; menu_layouts.py:81; quests.py:166; quests.py:173; quests.py:174; quests.py:176; quests.py:195,game/session.go:502; game/tasks.go:14; game/tasks.go:68,"Source index only: may be decoder/output/logging/constant, not a handler. See protocol-audit-20260922.md."
6001,engine.py:267; handlers/lobby.py:25; menu_layouts.py:103; quests.py:173,game/extended_tasks.go:13; game/session.go:497,"Source index only: may be decoder/output/logging/constant, not a handler. See protocol-audit-20260922.md."
6002,engine.py:267; handlers/lobby.py:25; menu_layouts.py:103; quests.py:173,game/extended_tasks.go:13; game/session.go:497,"Source index only: may be decoder/output/logging/constant, not a handler. See protocol-audit-20260922.md."
6003,engine.py:267; menu_layouts.py:103,,"Source index only: may be decoder/output/logging/constant, not a handler. See protocol-audit-20260922.md."
6020,menu_layouts.py:221,game/tasks.go:69; game/tasks.go:70; game/tasks.go:166; protocol/tasks.go:50; protocol/tasks.go:106,"Source index only: may be decoder/output/logging/constant, not a handler. See protocol-audit-20260922.md."
6030,menu_layouts.py:246,game/tasks.go:135; persistence/task_settings.go:168; protocol/tasks.go:11,"Source index only: may be decoder/output/logging/constant, not a handler. See protocol-audit-20260922.md."
6031,menu_layouts.py:229,game/extended_tasks.go:97; protocol/extended_tasks.go:114,"Source index only: may be decoder/output/logging/constant, not a handler. See protocol-audit-20260922.md."
6032,menu_layouts.py:229,game/extended_tasks.go:99; protocol/extended_tasks.go:114,"Source index only: may be decoder/output/logging/constant, not a handler. See protocol-audit-20260922.md."
6033,menu_layouts.py:229,,"Source index only: may be decoder/output/logging/constant, not a handler. See protocol-audit-20260922.md."
6040,menu_layouts.py:250,game/tasks.go:165; game/tasks.go:170; protocol/tasks.go:13,"Source index only: may be decoder/output/logging/constant, not a handler. See protocol-audit-20260922.md."
6041,menu_layouts.py:234,game/extended_tasks.go:31; game/extended_tasks.go:33; game/extended_tasks.go:51; game/extended_tasks.go:69; protocol/extended_tasks.go:73; protocol/extended_tasks.go:79; protocol/tasks.go:116,"Source index only: may be decoder/output/logging/constant, not a handler. See protocol-audit-20260922.md."
6042,menu_layouts.py:234,game/extended_tasks.go:31; game/extended_tasks.go:35; game/extended_tasks.go:51; game/extended_tasks.go:71; protocol/extended_tasks.go:73; protocol/extended_tasks.go:79; protocol/tasks.go:116,"Source index only: may be decoder/output/logging/constant, not a handler. See protocol-audit-20260922.md."
6043,menu_layouts.py:234; menu_layouts.py:237,,"Source index only: may be decoder/output/logging/constant, not a handler. See protocol-audit-20260922.md."
6050,handlers/lobby.py:25; menu_layouts.py:90,game/session.go:502; persistence/tasks.go:11; persistence/tasks.go:19; persistence/tasks.go:105; protocol/tasks.go:31; protocol/tasks.go:42,"Source index only: may be decoder/output/logging/constant, not a handler. See protocol-audit-20260922.md."
6051,handlers/lobby.py:25; menu_layouts.py:95,game/session.go:504; persistence/extended_tasks.go:32; persistence/extended_tasks.go:114; protocol/extended_tasks.go:34,"Source index only: may be decoder/output/logging/constant, not a handler. See protocol-audit-20260922.md."
6052,handlers/lobby.py:25; menu_layouts.py:95,game/session.go:504; persistence/extended_tasks.go:34; persistence/extended_tasks.go:114; protocol/extended_tasks.go:34,"Source index only: may be decoder/output/logging/constant, not a handler. See protocol-audit-20260922.md."
6060,menu_layouts.py:246,game/tasks.go:96; protocol/tasks.go:11,"Source index only: may be decoder/output/logging/constant, not a handler. See protocol-audit-20260922.md."
6061,menu_layouts.py:229,protocol/extended_tasks.go:114,"Source index only: may be decoder/output/logging/constant, not a handler. See protocol-audit-20260922.md."
6062,menu_layouts.py:229,protocol/extended_tasks.go:114,"Source index only: may be decoder/output/logging/constant, not a handler. See protocol-audit-20260922.md."
6063,menu_layouts.py:229,,"Source index only: may be decoder/output/logging/constant, not a handler. See protocol-audit-20260922.md."
6070,menu_layouts.py:197,,"Source index only: may be decoder/output/logging/constant, not a handler. See protocol-audit-20260922.md."
6080,handlers/lobby.py:25; menu_layouts.py:90,game/session.go:502; persistence/tasks.go:11; persistence/tasks.go:19; persistence/tasks.go:127; protocol/tasks.go:31; protocol/tasks.go:42,"Source index only: may be decoder/output/logging/constant, not a handler. See protocol-audit-20260922.md."
6081,handlers/lobby.py:25; menu_layouts.py:95,game/session.go:504; persistence/extended_tasks.go:32; protocol/extended_tasks.go:36,"Source index only: may be decoder/output/logging/constant, not a handler. See protocol-audit-20260922.md."
6082,handlers/lobby.py:25; menu_layouts.py:95,game/session.go:504; persistence/extended_tasks.go:34; protocol/extended_tasks.go:36,"Source index only: may be decoder/output/logging/constant, not a handler. See protocol-audit-20260922.md."
6090,menu_layouts.py:246,protocol/tasks.go:11,"Source index only: may be decoder/output/logging/constant, not a handler. See protocol-audit-20260922.md."
6091,menu_layouts.py:229,protocol/extended_tasks.go:114,"Source index only: may be decoder/output/logging/constant, not a handler. See protocol-audit-20260922.md."
6092,menu_layouts.py:229,protocol/extended_tasks.go:114,"Source index only: may be decoder/output/logging/constant, not a handler. See protocol-audit-20260922.md."
6093,menu_layouts.py:229,,"Source index only: may be decoder/output/logging/constant, not a handler. See protocol-audit-20260922.md."
6100,menu_layouts.py:197,,"Source index only: may be decoder/output/logging/constant, not a handler. See protocol-audit-20260922.md."
6223,menu_layouts.py:239,,"Source index only: may be decoder/output/logging/constant, not a handler. See protocol-audit-20260922.md."
6225,engine.py:267; menu_layouts.py:103,,"Source index only: may be decoder/output/logging/constant, not a handler. See protocol-audit-20260922.md."
6226,menu_layouts.py:218,,"Source index only: may be decoder/output/logging/constant, not a handler. See protocol-audit-20260922.md."
6301,menu_layouts.py:229,game/extended_tasks.go:140; protocol/extended_tasks.go:114,"Source index only: may be decoder/output/logging/constant, not a handler. See protocol-audit-20260922.md."
6302,menu_layouts.py:229,game/extended_tasks.go:140; protocol/extended_tasks.go:114,"Source index only: may be decoder/output/logging/constant, not a handler. See protocol-audit-20260922.md."
6303,menu_layouts.py:229,,"Source index only: may be decoder/output/logging/constant, not a handler. See protocol-audit-20260922.md."
6311,handlers/lobby.py:25; menu_layouts.py:95; quests.py:199; quests.py:201,game/extended_tasks.go:116; game/session.go:504; persistence/extended_task_claim.go:10; protocol/extended_tasks.go:38,"Source index only: may be decoder/output/logging/constant, not a handler. See protocol-audit-20260922.md."
6312,handlers/lobby.py:25; menu_layouts.py:95; quests.py:199,game/extended_tasks.go:116; game/session.go:504; persistence/extended_task_claim.go:8; protocol/extended_tasks.go:38,"Source index only: may be decoder/output/logging/constant, not a handler. See protocol-audit-20260922.md."
8040,handlers/single_room.py:120; room_flow.py:231; rooms.py:235,protocol/battle_input_ready.go:3; protocol/names.go:162,"Source index only: may be decoder/output/logging/constant, not a handler. See protocol-audit-20260922.md."
8071,engine.py:228; engine.py:230; engine.py:267; lab_capture.py:32; layouts.py:317; rooms.py:212; rooms.py:216; rooms.py:235; rooms.py:243,game/protocol_log.go:165; protocol/names.go:164,"Source index only: may be decoder/output/logging/constant, not a handler. See protocol-audit-20260922.md."
8120,battle_relay.py:110; battle_relay.py:173; battle_relay.py:70; foster.py:118; foster.py:120; layouts.py:79; pve.py:137; pve.py:145,game/battle.go:193; protocol/names.go:166,"Source index only: may be decoder/output/logging/constant, not a handler. See protocol-audit-20260922.md."
8121,battle_relay.py:179; battle_relay.py:70; battle_relay.py:80; battle_relay.py:86; foster.py:120; layouts.py:87; pve.py:141; pve.py:156,game/battle.go:23; game/battle.go:273; game/battle.go:298; game/foster_health.go:11; game/practice.go:5; protocol/names.go:167,"Source index only: may be decoder/output/logging/constant, not a handler. See protocol-audit-20260922.md."
8122,battle_relay.py:70; layouts.py:110; pve.py:139,game/battle.go:23; game/battle.go:190; game/battle.go:298; protocol/names.go:168,"Source index only: may be decoder/output/logging/constant, not a handler. See protocol-audit-20260922.md."
8125,battle_relay.py:70; layouts.py:114,protocol/battle_extra.go:8,"Source index only: may be decoder/output/logging/constant, not a handler. See protocol-audit-20260922.md."
8126,battle_relay.py:57; layouts.py:102,game/practice.go:6; protocol/names.go:169,"Source index only: may be decoder/output/logging/constant, not a handler. See protocol-audit-20260922.md."
8127,battle_relay.py:70; layouts.py:125,protocol/names.go:170,"Source index only: may be decoder/output/logging/constant, not a handler. See protocol-audit-20260922.md."
8140,battle_relay.py:70; layouts.py:258,protocol/names.go:171,"Source index only: may be decoder/output/logging/constant, not a handler. See protocol-audit-20260922.md."
8142,layouts.py:120,,"Source index only: may be decoder/output/logging/constant, not a handler. See protocol-audit-20260922.md."
8143,battle_pairs.py:38; battle_relay.py:101; battle_relay.py:175; battle_relay.py:70; layouts.py:132; sdp_peer.py:194,game/battle_extended.go:9; protocol/battle_extra.go:9,"Source index only: may be decoder/output/logging/constant, not a handler. See protocol-audit-20260922.md."
8144,battle_relay.py:63; layouts.py:138,protocol/battle_extra.go:10,"Source index only: may be decoder/output/logging/constant, not a handler. See protocol-audit-20260922.md."
8150,battle_relay.py:159; battle_relay.py:162; battle_relay.py:197; battle_relay.py:70; battle_relay.py:78; battle_relay.py:86; battle_relay.py:97; layouts.py:264; pve.py:140; pve.py:141,game/practice.go:6; protocol/names.go:172,"Source index only: may be decoder/output/logging/constant, not a handler. See protocol-audit-20260922.md."
8155,battle_relay.py:21; battle_relay.py:61; layouts.py:179,game/battle.go:193; protocol/names.go:173,"Source index only: may be decoder/output/logging/constant, not a handler. See protocol-audit-20260922.md."
8157,battle_relay.py:61; layouts.py:193,game/reborn.go:8; protocol/battle_extra.go:5,"Source index only: may be decoder/output/logging/constant, not a handler. See protocol-audit-20260922.md."
8270,battle_relay.py:65; layouts.py:151,protocol/battle_extra.go:11,"Source index only: may be decoder/output/logging/constant, not a handler. See protocol-audit-20260922.md."
8276,layouts.py:175,,"Source index only: may be decoder/output/logging/constant, not a handler. See protocol-audit-20260922.md."
8278,battle_receipts.py:36; battle_relay.py:59; layouts.py:215,protocol/battle_extra.go:6,"Source index only: may be decoder/output/logging/constant, not a handler. See protocol-audit-20260922.md."
8280,battle_relay.py:101; battle_relay.py:70; layouts.py:159,protocol/battle_extra.go:12,"Source index only: may be decoder/output/logging/constant, not a handler. See protocol-audit-20260922.md."
8282,layouts.py:164,,"Source index only: may be decoder/output/logging/constant, not a handler. See protocol-audit-20260922.md."
8284,battle_relay.py:70; battle_relay.py:76; battle_relay.py:82; layouts.py:168,protocol/battle_extra.go:13,"Source index only: may be decoder/output/logging/constant, not a handler. See protocol-audit-20260922.md."
8286,battle_receipts.py:20; battle_receipts.py:22; battle_relay.py:59; layouts.py:220,protocol/battle_extra.go:7,"Source index only: may be decoder/output/logging/constant, not a handler. See protocol-audit-20260922.md."
8287,battle_relay.py:123; battle_relay.py:177; battle_relay.py:70; layouts.py:199,protocol/battle_extra.go:14,"Source index only: may be decoder/output/logging/constant, not a handler. See protocol-audit-20260922.md."
8288,layouts.py:206,,"Source index only: may be decoder/output/logging/constant, not a handler. See protocol-audit-20260922.md."
8289,layouts.py:27,game/session.go:473,"Source index only: may be decoder/output/logging/constant, not a handler. See protocol-audit-20260922.md."
8290,layouts.py:274,,"Source index only: may be decoder/output/logging/constant, not a handler. See protocol-audit-20260922.md."
8293,battle_relay.py:70; battle_relay.py:82; layouts.py:225,protocol/battle_extra.go:15,"Source index only: may be decoder/output/logging/constant, not a handler. See protocol-audit-20260922.md."
8294,battle_relay.py:53; layouts.py:209; team_series.py:44; team_series.py:52,,"Source index only: may be decoder/output/logging/constant, not a handler. See protocol-audit-20260922.md."
8295,battle_relay.py:53; team_series.py:44; team_series.py:57,,"Source index only: may be decoder/output/logging/constant, not a handler. See protocol-audit-20260922.md."
8296,battle_relay.py:53; layouts.py:212; team_series.py:44; team_series.py:47,,"Source index only: may be decoder/output/logging/constant, not a handler. See protocol-audit-20260922.md."
8297,battle_relay.py:53; team_series.py:44,,"Source index only: may be decoder/output/logging/constant, not a handler. See protocol-audit-20260922.md."
8394,layouts.py:278,,"Source index only: may be decoder/output/logging/constant, not a handler. See protocol-audit-20260922.md."
8400,battle_relay.py:130; battle_relay.py:188; battle_relay.py:70; layouts.py:239,protocol/battle_extra.go:16,"Source index only: may be decoder/output/logging/constant, not a handler. See protocol-audit-20260922.md."
8401,battle_relay.py:139; battle_relay.py:146; battle_relay.py:193; battle_relay.py:70; layouts.py:245; layouts.py:253,protocol/battle_extra.go:17,"Source index only: may be decoder/output/logging/constant, not a handler. See protocol-audit-20260922.md."
8402,battle_relay.py:139; battle_relay.py:143; battle_relay.py:191; battle_relay.py:70; layouts.py:245; layouts.py:247,protocol/battle_extra.go:18,"Source index only: may be decoder/output/logging/constant, not a handler. See protocol-audit-20260922.md."
8403,battle_relay.py:139; battle_relay.py:70; layouts.py:245; layouts.py:254,protocol/battle_extra.go:19,"Source index only: may be decoder/output/logging/constant, not a handler. See protocol-audit-20260922.md."
8404,battle_relay.py:139; battle_relay.py:195; battle_relay.py:70; layouts.py:255,protocol/battle_extra.go:20,"Source index only: may be decoder/output/logging/constant, not a handler. See protocol-audit-20260922.md."
9000,battle_relay.py:55; layouts.py:229,game/battle.go:59; game/pve_actors.go:117; game/reliable_event.go:37; game/rooms.go:351; protocol/reliable_event.go:24; protocol/stage_finish.go:10,"Source index only: may be decoder/output/logging/constant, not a handler. See protocol-audit-20260922.md."
9001,battle_relay.py:55; layouts.py:229,protocol/reliable_event.go:24,"Source index only: may be decoder/output/logging/constant, not a handler. See protocol-audit-20260922.md."
9002,battle_relay.py:55; layouts.py:229,game/battle.go:59; protocol/reliable_event.go:24,"Source index only: may be decoder/output/logging/constant, not a handler. See protocol-audit-20260922.md."
9006,handlers/lobby.py:66; menu_layouts.py:42,game/session.go:574,"Source index only: may be decoder/output/logging/constant, not a handler. See protocol-audit-20260922.md."
9040,engine.py:267; handlers/lobby.py:73; handlers/lobby.py:77; menu_layouts.py:68; menu_layouts.py:70,game/session.go:697,"Source index only: may be decoder/output/logging/constant, not a handler. See protocol-audit-20260922.md."
9041,engine.py:267; handlers/lobby.py:73; menu_layouts.py:68; menu_layouts.py:70,game/session.go:697; game/session.go:705,"Source index only: may be decoder/output/logging/constant, not a handler. See protocol-audit-20260922.md."
9050,menu_layouts.py:194,game/session.go:728,"Source index only: may be decoder/output/logging/constant, not a handler. See protocol-audit-20260922.md."
9060,menu_layouts.py:197,game/session.go:706; game/session.go:712,"Source index only: may be decoder/output/logging/constant, not a handler. See protocol-audit-20260922.md."
9070,handlers/lobby.py:12; menu_layouts.py:75,game/session.go:619; game/session.go:628; game/session.go:651; protocol/names.go:176,"Source index only: may be decoder/output/logging/constant, not a handler. See protocol-audit-20260922.md."
9071,menu_layouts.py:197,,"Source index only: may be decoder/output/logging/constant, not a handler. See protocol-audit-20260922.md."
9080,menu_layouts.py:191,,"Source index only: may be decoder/output/logging/constant, not a handler. See protocol-audit-20260922.md."
9090,engine.py:267; handlers/lobby.py:84; handlers/lobby.py:88; menu_layouts.py:68,game/session.go:661; protocol/gift.go:9; protocol/gift.go:26,"Source index only: may be decoder/output/logging/constant, not a handler. See protocol-audit-20260922.md."
9091,engine.py:267; handlers/lobby.py:84; menu_layouts.py:68,game/session.go:658,"Source index only: may be decoder/output/logging/constant, not a handler. See protocol-audit-20260922.md."
9110,menu_layouts.py:197,game/session.go:660; game/session.go:673; game/session.go:679,"Source index only: may be decoder/output/logging/constant, not a handler. See protocol-audit-20260922.md."
9500,battle_receipts.py:97; battle_receipts.py:98; battle_relay.py:55; layouts.py:234,game/battle.go:59; game/pve_actors.go:118; game/reliable_event.go:38; game/reliable_event.go:39; game/rooms.go:352; protocol/reliable_event.go:26,"Source index only: may be decoder/output/logging/constant, not a handler. See protocol-audit-20260922.md."
9501,battle_relay.py:55; layouts.py:234,protocol/reliable_event.go:26,"Source index only: may be decoder/output/logging/constant, not a handler. See protocol-audit-20260922.md."
9502,battle_relay.py:55; layouts.py:234,game/battle.go:59; protocol/reliable_event.go:26,"Source index only: may be decoder/output/logging/constant, not a handler. See protocol-audit-20260922.md."
20360,handlers/lobby.py:104,game/session.go:818,"Source index only: may be decoder/output/logging/constant, not a handler. See protocol-audit-20260922.md."
20400,foster.py:73; pve.py:113; pve.py:22; pve.py:24; pve.py:52,desktop/foster_templates.go:14; protocol/pve_actor.go:6,"Source index only: may be decoder/output/logging/constant, not a handler. See protocol-audit-20260922.md."
20401,pve.py:113; pve.py:22,game/foster_progress.go:7; game/foster_spawns.go:17; protocol/pve_actor.go:7,"Source index only: may be decoder/output/logging/constant, not a handler. See protocol-audit-20260922.md."
20403,pve.py:109; pve.py:27; pve.py:70,protocol/pve_block.go:6,"Source index only: may be decoder/output/logging/constant, not a handler. See protocol-audit-20260922.md."
20404,foster.py:65; pve.py:109; pve.py:30,protocol/pve_block.go:7,"Source index only: may be decoder/output/logging/constant, not a handler. See protocol-audit-20260922.md."
20405,pve.py:107,game/foster_positions.go:9; protocol/foster_positions.go:5,"Source index only: may be decoder/output/logging/constant, not a handler. See protocol-audit-20260922.md."
20407,pve.py:115; pve.py:31,protocol/stage_wave.go:5; protocol/stage_wave.go:50,"Source index only: may be decoder/output/logging/constant, not a handler. See protocol-audit-20260922.md."
20546,handlers/lobby.py:39; menu_layouts.py:103,game/session.go:799,"Source index only: may be decoder/output/logging/constant, not a handler. See protocol-audit-20260922.md."
20547,menu_layouts.py:125,game/session.go:810,"Source index only: may be decoder/output/logging/constant, not a handler. See protocol-audit-20260922.md."
20561,engine.py:267; handlers/lobby.py:44; handlers/lobby.py:48; menu_layouts.py:78,game/session.go:600,"Source index only: may be decoder/output/logging/constant, not a handler. See protocol-audit-20260922.md."
20562,menu_layouts.py:200,game/session.go:607,"Source index only: may be decoder/output/logging/constant, not a handler. See protocol-audit-20260922.md."
20563,engine.py:267; handlers/lobby.py:44; handlers/lobby.py:49; menu_layouts.py:103,game/session.go:608; game/session.go:612,"Source index only: may be decoder/output/logging/constant, not a handler. See protocol-audit-20260922.md."
20564,menu_layouts.py:211,game/session.go:615,"Source index only: may be decoder/output/logging/constant, not a handler. See protocol-audit-20260922.md."
20565,engine.py:267; handlers/lobby.py:44; menu_layouts.py:103,game/session.go:608,"Source index only: may be decoder/output/logging/constant, not a handler. See protocol-audit-20260922.md."
20566,menu_layouts.py:216,game/session.go:617,"Source index only: may be decoder/output/logging/constant, not a handler. See protocol-audit-20260922.md."
20571,rooms.py:212,protocol/stage_wave.go:4,"Source index only: may be decoder/output/logging/constant, not a handler. See protocol-audit-20260922.md."
21000,handlers/training.py:10; handlers/training.py:11; handlers/training.py:19,game/session.go:822; game/session.go:823; game/session.go:827; game/session.go:834,"Source index only: may be decoder/output/logging/constant, not a handler. See protocol-audit-20260922.md."
21002,handlers/training.py:10; handlers/training.py:16,game/session.go:822; game/session.go:823; game/session.go:832; game/session.go:853; game/training.go:70; persistence/training_claim.go:19,"Source index only: may be decoder/output/logging/constant, not a handler. See protocol-audit-20260922.md."
21006,handlers/training.py:21,game/session.go:820,"Source index only: may be decoder/output/logging/constant, not a handler. See protocol-audit-20260922.md."
21410,handlers/lobby.py:19; menu_layouts.py:84,game/session.go:508,"Source index only: may be decoder/output/logging/constant, not a handler. See protocol-audit-20260922.md."
21411,menu_layouts.py:117,game/session.go:525; game/weapon_levels.go:11,"Source index only: may be decoder/output/logging/constant, not a handler. See protocol-audit-20260922.md."
21412,handlers/lobby.py:19; menu_layouts.py:87,game/session.go:527,"Source index only: may be decoder/output/logging/constant, not a handler. See protocol-audit-20260922.md."
21413,menu_layouts.py:121,game/weapon_levels.go:70; game/weapon_levels.go:76,"Source index only: may be decoder/output/logging/constant, not a handler. See protocol-audit-20260922.md."
